time,stockX,stockY,stockZ
0.0,74.0977,20.158092,5.744207
0.1,73.87641,20.059475,5.8267126
0.2,73.6551,19.960588,5.909103
0.3,73.43378,19.86142,5.9913864
0.4,73.21246,19.761984,6.0735683
0.5,72.99115,19.662289,6.1556563
0.6,72.76986,19.562346,6.2376556
0.7,72.54858,19.462158,6.319572
0.8,72.327324,19.361736,6.401413
0.90000004,72.106094,19.261086,6.4831815
1.0,71.88491,19.160215,6.5648837
1.1,71.66377,19.059103,6.6465344
1.2,71.44269,18.957808,6.728122
1.3000001,71.22167,18.856316,6.809657
1.4,71.00071,18.754633,6.8911433
1.5,70.77983,18.65276,6.972584
1.6,70.55903,18.55071,7.0539813
1.7,70.33832,18.44849,7.135339
1.8000001,70.1177,18.346106,7.21666
1.9,69.89717,18.243568,7.297947
2.0,69.676735,18.140879,7.3792014
2.1000001,69.456406,18.03805,7.460428
2.2,69.23618,17.935091,7.541629
2.3,69.01607,17.832008,7.622805
2.4,68.796036,17.728815,7.7039585
2.5,68.57612,17.625513,7.785092
2.6000001,68.356316,17.52212,7.866208
2.7,68.1366,17.418642,7.9473066
2.8,67.91696,17.315084,8.02839
2.9,67.6974,17.21149,8.109459
3.0,67.47797,17.107815,8.190519
3.1000001,67.2586,17.004097,8.271569
3.2,67.039314,16.900345,8.352609
3.3,66.82011,16.796576,8.4336405
3.4,66.60098,16.692797,8.514666
3.5,66.381905,16.589024,8.595682
3.6000001,66.1629,16.485264,8.676691
3.7,65.94396,16.381535,8.75769
3.8,65.72507,16.27784,8.838682
3.9,65.506226,16.174194,8.919664
4.0,65.287445,16.07061,9.000635
4.1,65.068695,15.9670925,9.081596
4.2000003,64.84998,15.863654,9.162542
4.3,64.63132,15.760304,9.243473
4.4,64.41268,15.657051,9.324387
4.5,64.194084,15.553905,9.40528
4.6,63.975513,15.450872,9.486153
4.7000003,63.75697,15.347962,9.5669985
4.8,63.538452,15.245184,9.647817
4.9,63.319954,15.142544,9.728602
5.0,63.101475,15.0400505,9.809353
5.1,62.88302,14.937708,9.890064
5.2000003,62.66457,14.8355255,9.970734
5.3,62.446136,14.733509,10.051354
5.4,62.227863,14.631666,10.131936
5.5,62.00947,14.529998,10.212452
5.6,61.79108,14.428507,10.29291
5.7000003,61.572693,14.327196,10.373303
5.8,61.354313,14.2260685,10.453629
5.9,61.13593,14.125126,10.533884
6.0,60.91755,14.02437,10.614062
6.1,60.699154,13.923801,10.694162
6.2000003,60.48076,13.82342,10.774181
6.3,60.262356,13.7232275,10.854116
6.4,60.043945,13.62322,10.933967
6.5,59.82552,13.5234,11.01373
6.6,59.607086,13.423764,11.093406
6.7000003,59.38864,13.324311,11.172993
6.8,59.17018,13.225038,11.252493
6.9,58.95171,13.125941,11.331905
7.0,58.733227,13.027019,11.411232
7.1,58.514732,12.928264,11.490472
7.2000003,58.296223,12.829675,11.56963
7.3,58.07773,12.731256,11.648743
7.4,57.859203,12.632991,11.727743
7.5,57.640675,12.5348835,11.806669
7.6,57.42213,12.436926,11.885525
7.7000003,57.20358,12.339112,11.964311
7.8,56.985016,12.241441,12.043036
7.9,56.766445,12.143909,12.121701
8.0,56.54786,12.046516,12.200309
8.1,56.329266,11.949264,12.278861
8.2,56.110664,11.852153,12.357361
8.3,55.892056,11.755188,12.435807
8.400001,55.67344,11.658374,12.514203
8.5,55.454823,11.561718,12.592547
8.6,55.236214,11.465227,12.670839
8.7,55.0176,11.368912,12.749079
8.8,54.799004,11.272784,12.827264
8.900001,54.580414,11.176853,12.905393
9.0,54.361843,11.081136,12.983462
9.1,54.14329,10.985645,13.061472
9.2,53.924774,10.890401,13.139414
9.3,53.70628,10.795418,13.217289
9.400001,53.487827,10.700718,13.295092
9.5,53.26936,10.606332,13.372793
9.6,53.051003,10.512256,13.450431
9.7,52.832714,10.418518,13.527984
9.8,52.614502,10.325137,13.605449
9.900001,52.396374,10.232131,13.682825
10.0,52.17835,10.139512,13.760112
10.1,51.960423,10.047285,13.837308
10.2,51.742615,9.955461,13.91441
10.3,51.52492,9.864034,13.991422
10.400001,51.30735,9.7730055,14.068342
10.5,51.0899,9.682367,14.145169
10.6,50.872578,9.592105,14.221909
10.7,50.655376,9.50221,14.298556
10.8,50.438297,9.412643,14.375117
10.900001,50.22134,9.323418,14.451587
11.0,50.004498,9.234488,14.527962
11.1,49.787758,9.145822,14.604244
11.2,49.571106,9.057387,14.680424
11.3,49.354534,8.969156,14.756501
11.400001,49.138042,8.881096,14.832462
11.5,48.921627,8.793178,14.9082985
11.6,48.705273,8.705375,14.984
11.7,48.48898,8.617657,15.059554
11.8,48.27274,8.53,15.134943
11.900001,48.056564,8.442375,15.210152
12.0,47.840446,8.354759,15.285161
12.1,47.624386,8.267129,15.35995
12.2,47.408386,8.179459,15.434497
12.3,47.192368,8.091754,15.508797
12.400001,46.97649,8.003952,15.5828
12.5,46.76071,7.9160624,15.656487
12.6,46.545033,7.82807,15.729831
12.7,46.329494,7.7399673,15.802801
12.8,46.114094,7.6517406,15.875373
12.900001,45.898857,7.563382,15.94752
13.0,45.683804,7.474882,16.01922
13.1,45.46894,7.386233,16.090454
13.2,45.254284,7.297428,16.161196
13.3,45.03985,7.2084603,16.231436
13.400001,44.82565,7.119324,16.301155
13.5,44.611694,7.0300183,16.370337
13.6,44.39799,6.940535,16.438972
13.7,44.184555,6.850875,16.507053
13.8,43.971382,6.761038,16.57458
13.900001,43.758488,6.67101,16.641535
14.0,43.545853,6.580793,16.707941
14.1,43.333473,6.4903812,16.773808
14.2,43.121334,6.399772,16.839148
14.3,42.909435,6.308959,16.90398
14.400001,42.697754,6.2179384,16.968313
14.5,42.48629,6.1267056,17.03217
14.6,42.27501,6.035254,17.095566
14.7,42.063915,5.9435797,17.15852
14.8,41.85298,5.851674,17.22106
14.900001,41.642185,5.759532,17.283203
15.0,41.431522,5.6671476,17.344976
15.1,41.220947,5.574514,17.406406
15.2,41.01042,5.4816275,17.467566
15.3,40.79998,5.3884716,17.528393
15.400001,40.589577,5.295044,17.58895
15.5,40.379204,5.201339,17.649256
15.6,40.168816,5.1073456,17.70934
15.7,39.95841,5.0130596,17.769218
15.8,39.74796,4.9184675,17.82892
15.900001,39.537453,4.8235607,17.888453
16.0,39.326874,4.7283273,17.947836
16.1,39.11619,4.6327534,18.007084
16.2,38.9054,4.5368247,18.066204
16.300001,38.694477,4.440528,18.125206
16.4,38.483418,4.3438478,18.184097
16.5,38.272194,4.246763,18.242884
16.6,38.060806,4.149259,18.301561
16.7,37.849335,4.0513296,18.360151
16.800001,37.637592,3.9529324,18.418617
16.9,37.42568,3.8540595,18.476955
17.0,37.213585,3.7546866,18.535154
17.1,37.00133,3.6547997,18.593197
17.2,36.788925,3.554386,18.651064
17.300001,36.57639,3.4534361,18.708742
17.4,36.36374,3.3519485,18.766209
17.5,36.15099,3.249918,18.823456
17.6,35.938175,3.1473489,18.88046
17.7,35.72532,3.0442486,18.937202
17.800001,35.512398,2.940632,18.993717
17.9,35.299534,2.8365064,19.04991
18.0,35.086693,2.7318902,19.105804
18.1,34.873913,2.6268063,19.16138
18.2,34.66121,2.5212734,19.216633
18.300001,34.4486,2.4153104,19.27154
18.4,34.23611,2.3089368,19.326096
18.5,34.023743,2.202165,19.380291
18.6,33.811512,2.0950115,19.43411
18.7,33.599438,1.9874923,19.487549
18.800001,33.387516,1.8796197,19.540594
18.9,33.175625,1.771399,19.593267
19.0,32.963993,1.6628443,19.645525
19.1,32.752525,1.5539603,19.697382
19.2,32.541225,1.4447509,19.748838
19.300001,32.330082,1.3352127,19.7999
19.4,32.119125,1.2253385,19.85057
19.5,31.908339,1.115107,19.900862
19.6,31.697748,1.0044976,19.950783
19.7,31.487368,0.89348066,20.00035
19.800001,31.27722,0.782019,20.04959
19.9,31.067327,0.67007184,20.098516
20.0,30.857655,0.55758446,20.147133
20.1,30.64836,0.44450125,20.195513
20.2,30.439444,0.33076903,20.243675
20.300001,30.230968,0.21634617,20.29164
20.4,30.022938,0.10120723,20.33945
20.5,29.815454,-0.01465677,20.38711
20.6,29.608534,-0.1312193,20.434633
20.7,29.402205,-0.24843232,20.482021
20.800001,29.196447,-0.36622676,20.529303
20.9,28.991278,-0.48451817,20.57642
21.0,28.786663,-0.6032271,20.623377
21.1,28.582554,-0.72227025,20.670101
21.2,28.378956,-0.84157234,20.716633
21.300001,28.17581,-0.96106905,20.762922
21.4,27.973082,-1.0807041,20.808943
21.5,27.770714,-1.2004395,20.854658
21.6,27.568655,-1.32024,20.900055
21.7,27.366848,-1.440083,20.945053
21.800001,27.165213,-1.5599583,20.989618
21.9,26.963682,-1.679859,21.033682
22.0,26.76217,-1.7997901,21.077196
22.1,26.560614,-1.9197553,21.120098
22.2,26.35901,-2.0397646,21.162312
22.300001,26.15723,-2.159828,21.203823
22.4,25.955326,-2.279946,21.244616
22.5,25.753307,-2.4001215,21.284729
22.6,25.55124,-2.5203469,21.324224
22.7,25.349203,-2.64061,21.363194
22.800001,25.147305,-2.7608964,21.40177
22.9,24.945675,-2.8811862,21.440083
23.0,24.744425,-3.001462,21.478304
23.1,24.543667,-3.1217096,21.516575
23.2,24.3435,-3.2419174,21.555035
23.300001,24.144014,-3.362076,21.593805
23.4,23.945286,-3.4821763,21.632992
23.5,23.747381,-3.602218,21.672699
23.6,23.550406,-3.7221925,21.71299
23.7,23.354334,-3.8420942,21.753935
23.800001,23.159258,-3.9618833,21.795536
23.9,22.965237,-4.0815177,21.837767
24.0,22.772287,-4.2009645,21.880575
24.1,22.58041,-4.320184,21.92388
24.2,22.389595,-4.439143,21.96756
24.300001,22.199818,-4.5578184,22.01151
24.4,22.010992,-4.676186,22.055548
24.5,21.823044,-4.794259,22.099577
24.6,21.635912,-4.9120326,22.143509
24.7,21.449553,-5.0294943,22.187277
24.800001,21.263948,-5.1466265,22.230846
24.9,21.079075,-5.2634006,22.27418
25.0,20.89497,-5.3797846,22.317299
25.1,20.711678,-5.4957294,22.360212
25.2,20.529278,-5.6111856,22.402943
25.300001,20.347855,-5.726106,22.445526
25.4,20.167501,-5.8404403,22.488003
25.5,19.9883,-5.9541497,22.530432
25.6,19.81036,-6.067187,22.572865
25.7,19.633814,-6.179502,22.61542
25.800001,19.458704,-6.291069,22.658083
25.9,19.285093,-6.4018545,22.700945
26.0,19.112997,-6.511845,22.744081
26.1,18.942423,-6.6210237,22.787563
26.2,18.77337,-6.7293787,22.831455
26.300001,18.605812,-6.836907,22.875832
26.4,18.439718,-6.943603,22.920755
26.5,18.275038,-7.0494757,22.966303
26.6,18.111753,-7.1545353,23.01258
26.7,17.949783,-7.2587595,23.059494
26.800001,17.789116,-7.3621545,23.107065
26.9,17.629736,-7.4647174,23.155235
27.0,17.471615,-7.566454,23.203949
27.1,17.31475,-7.6673636,23.253113
27.2,17.159136,-7.7674503,23.302622
27.300001,17.004774,-7.86672,23.352348
27.4,16.851658,-7.9652023,23.402216
27.5,16.69983,-8.06287,23.452023
27.6,16.549313,-8.159765,23.501684
27.7,16.40014,-8.255902,23.5511
27.800001,16.25235,-8.351302,23.600163
27.9,16.105984,-8.445979,23.648802
28.0,15.961074,-8.539953,23.696945
28.1,15.817663,-8.633236,23.744547
28.2,15.675794,-8.725842,23.791561
28.300001,15.535467,-8.817808,23.837954
28.4,15.396764,-8.90908,23.883732
28.5,15.259665,-8.999664,23.928913
28.6,15.124178,-9.089541,23.973513
28.7,14.990292,-9.178695,24.017553
28.800001,14.857992,-9.267098,24.061043
28.9,14.727251,-9.354729,24.103998
29.0,14.598026,-9.441564,24.146433
29.1,14.470245,-9.527579,24.188366
29.2,14.343901,-9.612737,24.229782
29.300001,14.218912,-9.697022,24.270668
29.4,14.095221,-9.7804165,24.310997
29.5,13.972756,-9.862908,24.350742
29.6,13.85146,-9.944485,24.389872
29.7,13.731273,-10.025142,24.428368
29.800001,13.612136,-10.104878,24.4662
29.9,13.493996,-10.183698,24.503344
30.0,13.376788,-10.26161,24.539774
30.1,13.26044,-10.338617,24.57558
30.2,13.144943,-10.41476,24.610561
30.300001,13.030234,-10.490057,24.644808
30.4,12.916272,-10.564546,24.67832
30.5,12.803013,-10.638266,24.711111
30.6,12.690426,-10.711258,24.743196
30.7,12.578481,-10.783568,24.774593
30.800001,12.4671545,-10.8552475,24.80533
30.9,12.356429,-10.926348,24.835426
31.0,12.246287,-10.996929,24.864916
31.1,12.136722,-11.067049,24.893837
31.2,12.027747,-11.13675,24.92221
31.300001,11.919325,-11.2061205,24.95008
31.4,11.811483,-11.275205,24.977472
31.5,11.70423,-11.344064,25.004414
31.6,11.597579,-11.41275,25.030928
31.7,11.491541,-11.481307,25.05703
31.800001,11.386132,-11.54978,25.082745
31.9,11.281367,-11.618205,25.10808
32.0,11.177257,-11.686616,25.133053
32.100002,11.073818,-11.755039,25.157663
32.2,10.971077,-11.823495,25.18192
32.3,10.869044,-11.892002,25.205822
32.4,10.767763,-11.960611,25.229376
32.5,10.66721,-12.029266,25.252562
32.600002,10.567415,-12.097994,25.27538
32.7,10.468409,-12.166787,25.297812
32.8,10.370207,-12.235642,25.319845
32.9,10.272827,-12.304551,25.341465
33.0,10.176303,-12.373502,25.362654
33.100002,10.080649,-12.442488,25.383396
33.2,9.985902,-12.51149,25.403666
33.3,9.892082,-12.580501,25.423449
33.4,9.799216,-12.649505,25.44272
33.5,9.707341,-12.718482,25.46146
33.600002,9.616479,-12.787416,25.479645
33.7,9.5266695,-12.856287,25.497246
33.8,9.437944,-12.925075,25.514238
33.9,9.35035,-12.99375,25.53063
34.0,9.2638855,-13.062303,25.546337
34.100002,9.178591,-13.1307125,25.56137
34.2,9.0945,-13.198948,25.5757
34.3,9.011636,-13.266987,25.589308
34.4,8.930017,-13.334813,25.602179
34.5,8.84967,-13.402395,25.61429
34.600002,8.770603,-13.469716,25.625635
34.7,8.692833,-13.53675,25.6362
34.8,8.616366,-13.603479,25.645973
34.9,8.5412035,-13.669887,25.654953
35.0,8.467351,-13.735944,25.663136
35.100002,8.394804,-13.801639,25.670515
35.2,8.323577,-13.866933,25.677101
35.3,8.253627,-13.931845,25.682886
35.4,8.18494,-13.996351,25.687897
35.5,8.117502,-14.060439,25.692135
35.600002,8.051281,-14.124103,25.69562
35.7,7.9862566,-14.187332,25.69836
35.8,7.9223976,-14.250122,25.70038
35.9,7.8596725,-14.312476,25.701696
36.0,7.798054,-14.374383,25.702328
36.100002,7.737504,-14.435846,25.702301
36.2,7.6779923,-14.496864,25.701632
36.3,7.6194787,-14.557441,25.700352
36.4,7.561941,-14.617575,25.698425
36.5,7.505323,-14.677274,25.695976
36.600002,7.4496017,-14.73654,25.692987
36.7,7.394751,-14.795376,25.689476
36.8,7.3407393,-14.853786,25.685474
36.9,7.287535,-14.911779,25.681002
37.0,7.2351193,-14.969355,25.676079
37.100002,7.1834598,-15.026523,25.670734
37.2,7.1325383,-15.0832815,25.664991
37.3,7.08233,-15.139641,25.658863
37.4,7.032813,-15.19561,25.652378
37.5,6.983973,-15.251185,25.645554
37.600002,6.935787,-15.306382,25.638414
37.7,6.8882313,-15.361176,25.630959
37.8,6.841306,-15.415618,25.623236
37.9,6.794987,-15.469697,25.615248
38.0,6.7492633,-15.5234165,25.607016
38.100002,6.7041183,-15.576785,25.59855
38.2,6.6595426,-15.629805,25.589872
38.3,6.6155205,-15.682486,25.580988
38.4,6.5720377,-15.734836,25.571918
38.5,6.5290856,-15.786855,25.562675
38.600002,6.4866476,-15.838558,25.553265
38.7,6.4447155,-15.889944,25.543701
38.8,6.403274,-15.941021,25.533998
38.9,6.362313,-15.991797,25.524157
39.0,6.3218207,-16.042278,25.51419
39.100002,6.2817845,-16.092468,25.504105
39.2,6.242196,-16.142374,25.49391
39.3,6.203042,-16.192003,25.483606
39.4,6.1643105,-16.24136,25.473202
39.5,6.125988,-16.2904,25.46273
39.600002,6.088073,-16.339224,25.452139
39.7,6.0505524,-16.38779,25.44146
39.8,6.0134134,-16.436106,25.430696
39.9,5.976646,-16.48418,25.41984
40.0,5.9402423,-16.53201,25.408905
40.100002,5.904191,-16.579605,25.397882
40.2,5.8684864,-16.626966,25.386776
40.3,5.8331184,-16.6741,25.375587
40.4,5.7980776,-16.721016,25.364313
40.5,5.7633586,-16.767706,25.352951
40.600002,5.728953,-16.814182,25.341503
40.7,5.6948547,-16.860441,25.329964
40.8,5.661057,-16.906494,25.318333
40.9,5.627552,-16.952343,25.306604
41.0,5.594338,-16.997982,25.294775
41.100002,5.5614047,-17.04342,25.282843
41.2,5.5287514,-17.088657,25.270805
41.3,5.4963737,-17.133673,25.258615
41.4,5.4642615,-17.178513,25.24634
41.5,5.4324145,-17.22316,25.233942
41.600002,5.400829,-17.267616,25.221415
41.7,5.369503,-17.311876,25.208754
41.8,5.338433,-17.355946,25.195953
41.9,5.307616,-17.399826,25.183002
42.0,5.277051,-17.443518,25.1699
42.100002,5.2467346,-17.487022,25.156635
42.2,5.2166653,-17.530338,25.143204
42.3,5.1868405,-17.57347,25.1296
42.4,5.1572566,-17.616415,25.11582
42.5,5.127913,-17.659172,25.101849
42.600002,5.098807,-17.70175,25.087688
42.7,5.069938,-17.744146,25.07333
42.8,5.0413027,-17.786356,25.058765
42.9,5.0128984,-17.82839,25.043995
43.0,4.9847264,-17.870241,25.029005
43.100002,4.9567814,-17.911915,25.01379
43.2,4.929066,-17.95341,24.99835
43.3,4.901575,-17.994726,24.982674
43.4,4.874308,-18.035868,24.966753
43.5,4.847276,-18.07687,24.950586
43.600002,4.820453,-18.11767,24.934168
43.7,4.7938495,-18.158297,24.917496
43.8,4.767459,-18.198753,24.900566
43.9,4.741279,-18.239044,24.883371
44.0,4.7153096,-18.279167,24.86591
44.100002,4.6895447,-18.319126,24.848177
44.2,4.6639833,-18.358923,24.830173
44.3,4.6386194,-18.398561,24.811897
44.4,4.6134524,-18.438042,24.793339
44.5,4.588479,-18.477365,24.7745
44.600002,4.563694,-18.516537,24.755383
44.7,4.539096,-18.555555,24.735981
44.8,4.5146813,-18.594423,24.71629
44.9,4.490445,-18.633146,24.696316
45.0,4.466386,-18.671722,24.67605
45.100002,4.4424977,-18.710155,24.655495
45.2,4.418779,-18.748446,24.634651
45.3,4.3952255,-18.7866,24.613518
45.4,4.371834,-18.824617,24.592096
45.5,4.348599,-18.862503,24.570381
45.600002,4.325521,-18.900213,24.54844
45.7,4.3025928,-18.937828,24.526154
45.8,4.2798133,-18.975313,24.503576
45.9,4.2571783,-19.012674,24.48071
46.0,4.2346873,-19.04991,24.45755
46.100002,4.2123365,-19.087019,24.4341
46.2,4.1901245,-19.124004,24.410353
46.3,4.168048,-19.16087,24.38632
46.4,4.146106,-19.197613,24.361992
46.5,4.1242967,-19.234236,24.337368
46.600002,4.1026173,-19.270744,24.312456
46.7,4.081068,-19.307129,24.287249
46.8,4.0596476,-19.343397,24.26175
46.9,4.038354,-19.379549,24.235956
47.0,4.0171876,-19.415583,24.209873
47.100002,3.996146,-19.451498,24.183493
47.2,3.975231,-19.487297,24.156824
47.3,3.9544413,-19.522978,24.129862
47.4,3.9337757,-19.55854,24.102608
47.5,3.9132364,-19.59398,24.075062
47.600002,3.8928223,-19.629303,24.047222
47.7,3.872535,-19.664505,24.019096
47.8,3.8523786,-19.699575,23.990667
47.9,3.8323448,-19.73453,23.961962
48.0,3.8124387,-19.769363,23.932962
48.100002,3.7926602,-19.804068,23.903687
48.2,3.773012,-19.83865,23.874125
48.3,3.7534926,-19.873102,23.844286
48.4,3.734103,-19.907421,23.814169
48.5,3.7148452,-19.941614,23.783781
48.600002,3.6957188,-19.975674,23.753122
48.7,3.6767244,-20.0096,23.722198
48.8,3.6578636,-20.04339,23.691015
48.9,3.6391351,-20.07705,23.65957
49.0,3.620541,-20.110573,23.627878
49.100002,3.6020806,-20.143957,23.595932
49.2,3.5837557,-20.177206,23.56375
49.3,3.565566,-20.21032,23.531324
49.4,3.5475106,-20.243294,23.498672
49.5,3.5295923,-20.276127,23.46579
49.600002,3.5118089,-20.308825,23.43269
49.7,3.494163,-20.341381,23.399374
49.8,3.4766538,-20.373802,23.36585
49.9,3.4592807,-20.406082,23.332129
50.0,3.4420462,-20.438253,23.298223
50.1,3.4249496,-20.470257,23.26412
50.2,3.407992,-20.502125,23.229834
50.3,3.3911734,-20.533855,23.195372
50.399998,3.3744931,-20.565449,23.160736
50.5,3.3579526,-20.59691,23.125937
50.6,3.3415523,-20.62824,23.090979
50.7,3.325293,-20.65944,23.055866
50.8,3.309177,-20.690506,23.020601
50.899998,3.2932053,-20.721443,22.98519
51.0,3.2773788,-20.752258,22.949635
51.1,3.2617013,-20.782944,22.913944
51.2,3.2461739,-20.813505,22.878113
51.3,3.2308002,-20.843945,22.842148
51.399998,3.2155824,-20.87426,22.806055
51.5,3.2005231,-20.904459,22.76983
51.6,3.1856275,-20.934534,22.733475
51.7,3.170897,-20.964495,22.696993
51.8,3.1563375,-20.99434,22.660389
51.899998,3.141952,-21.024069,22.623655
52.0,3.1277452,-21.053688,22.586796
52.1,3.1137223,-21.08319,22.54981
52.2,3.0998924,-21.112589,22.512678
52.3,3.0862532,-21.14187,22.475431
52.399998,3.0728152,-21.171041,22.438051
52.5,3.0595849,-21.200104,22.400534
52.6,3.04657,-21.229053,22.362875
52.7,3.0337768,-21.257895,22.325075
52.8,3.0212135,-21.286621,22.287127
52.899998,3.0088868,-21.315231,22.249025
53.0,2.996804,-21.34373,22.210766
53.1,2.9849737,-21.37211,22.172342
53.2,2.973402,-21.400372,22.133743
53.3,2.9620993,-21.428505,22.09497
53.399998,2.9510722,-21.456514,22.05601
53.5,2.940329,-21.484396,22.016851
53.6,2.9298787,-21.512136,21.977491
53.7,2.919729,-21.539742,21.937918
53.8,2.9098895,-21.5672,21.898119
53.899998,2.9003685,-21.594507,21.858088
54.0,2.8911746,-21.621687,21.817772
54.1,2.8823168,-21.64868,21.77723
54.2,2.8738024,-21.675505,21.736418
54.3,2.8656406,-21.70215,21.695322
54.399998,2.8578389,-21.72861,21.653933
54.5,2.850406,-21.754879,21.61223
54.6,2.8433497,-21.780945,21.570206
54.7,2.836679,-21.806797,21.527838
54.8,2.8304014,-21.83243,21.485119
54.899998,2.824526,-21.85783,21.442036
55.0,2.8190608,-21.883,21.39857
55.1,2.8140142,-21.907913,21.354704
55.2,2.8093948,-21.932575,21.31043
55.3,2.8052106,-21.956963,21.26573
55.399998,2.8014705,-21.981075,21.220587
55.5,2.798183,-22.004902,21.174988
55.6,2.7953556,-22.028427,21.128914
55.7,2.792998,-22.051645,21.082354
55.8,2.791118,-22.07454,21.03529
55.899998,2.789723,-22.097046,20.987677
56.0,2.788821,-22.119263,20.939554
56.1,2.7884216,-22.141127,20.890886
56.2,2.7885346,-22.16263,20.841656
56.3,2.7891695,-22.183764,20.791847
56.399998,2.790334,-22.20452,20.741446
56.5,2.7920368,-22.224884,20.69044
56.6,2.7942848,-22.24485,20.63882
56.7,2.7970865,-22.264408,20.58657
56.8,2.8004477,-22.283552,20.533684
56.899998,2.8043747,-22.30227,20.480146
57.0,2.8088744,-22.32056,20.425953
57.1,2.813951,-22.33841,20.371092
57.2,2.8196104,-22.35581,20.31556
57.3,2.8258564,-22.372759,20.259348
57.399998,2.8326938,-22.389244,20.20245
57.5,2.8401263,-22.405262,20.14486
57.6,2.8481562,-22.420805,20.086575
57.7,2.8567874,-22.435865,20.02759
57.8,2.866028,-22.450428,19.96789
57.899998,2.8758655,-22.46451,19.9075
58.0,2.8863034,-22.478088,19.846409
58.1,2.8973384,-22.491167,19.784626
58.2,2.9089684,-22.503733,19.722147
58.3,2.9211884,-22.515783,19.658989
58.399998,2.933993,-22.527313,19.59515
58.5,2.947378,-22.53832,19.530636
58.6,2.9613352,-22.5488,19.46546
58.7,2.9758594,-22.558746,19.399624
58.8,2.9909406,-22.568155,19.333145
58.899998,3.006571,-22.577026,19.266037
59.0,3.022742,-22.585356,19.198298
59.1,3.0394416,-22.593138,19.129953
59.2,3.0566604,-22.600374,19.061007
59.3,3.0743816,-22.60705,18.991524
59.399998,3.0926025,-22.613182,18.921438
59.5,3.1113098,-22.61876,18.850792
59.6,3.130489,-22.623783,18.779608
59.7,3.1501307,-22.628252,18.70789
59.8,3.170222,-22.632168,18.635658
59.899998,3.1907516,-22.635529,18.562927
60.0,3.211709,-22.638332,18.489702
60.1,3.233082,-22.640583,18.416008
60.2,3.2548609,-22.642282,18.341846
60.3,3.2770333,-22.643429,18.267237
60.399998,3.2995894,-22.644024,18.192188
60.5,3.32252,-22.644072,18.116716
60.6,3.3458123,-22.643572,18.04083
60.7,3.3694582,-22.642529,17.964539
60.8,3.3934488,-22.640923,17.887865
60.899998,3.4177706,-22.638794,17.81081
61.0,3.442418,-22.63613,17.733383
61.1,3.467381,-22.63293,17.655605
61.2,3.4926524,-22.6292,17.57748
61.3,3.518222,-22.624943,17.499022
61.399998,3.544084,-22.620161,17.42024
61.5,3.5702312,-22.614859,17.341145
61.6,3.5966547,-22.609037,17.26175
61.7,3.6233494,-22.6027,17.182058
61.8,3.6503077,-22.595856,17.10209
61.899998,3.6775234,-22.588501,17.021849
62.0,3.7049923,-22.58064,16.941347
62.1,3.7327065,-22.572283,16.860598
62.2,3.7606633,-22.563425,16.779598
62.3,3.788855,-22.554075,16.698376
62.399998,3.8172703,-22.544281,16.616922
62.5,3.8459208,-22.533964,16.535261
62.6,3.8747933,-22.523165,16.4534
62.7,3.9038858,-22.511887,16.371344
62.8,3.9331932,-22.500134,16.289106
62.899998,3.9627135,-22.48791,16.206694
63.0,3.9924438,-22.475216,16.124115
63.1,4.0223794,-22.462059,16.041382
63.2,4.0525193,-22.448437,15.958503
63.3,4.0828586,-22.434355,15.875486
63.399998,4.113395,-22.419815,15.79234
63.5,4.1441283,-22.404821,15.709071
63.6,4.175053,-22.389376,15.625692
63.7,4.2061687,-22.373484,15.542204
63.8,4.237472,-22.35714,15.458623
63.899998,4.2689605,-22.340357,15.374952
64.0,4.3006344,-22.32313,15.291196
64.1,4.33249,-22.305462,15.207368
64.2,4.364537,-22.28737,15.123458
64.3,4.3967547,-22.268835,15.039494
64.399994,4.4291444,-22.249866,14.955483
64.5,4.4617133,-22.230465,14.871413
64.6,4.494452,-22.210638,14.787302
64.7,4.5273604,-22.190388,14.703155
64.8,4.5604405,-22.169714,14.618962
64.899994,4.593682,-22.148623,14.534752
65.0,4.6270933,-22.12711,14.450501
65.1,4.6606665,-22.105186,14.366231
65.2,4.6944017,-22.08285,14.281938
65.3,4.7283,-22.060104,14.197617
65.399994,4.762353,-22.036951,14.11329
65.5,4.79657,-22.013397,14.028931
65.6,4.830941,-21.989445,13.94456
65.7,4.8654838,-21.96509,13.860169
65.8,4.9001727,-21.94034,13.775755
65.899994,4.9350123,-21.915207,13.691335
66.0,4.970011,-21.889679,13.606879
66.1,5.0051627,-21.863768,13.522408
66.2,5.0404687,-21.837473,13.437912
66.3,5.07593,-21.810793,13.353382
66.399994,5.1115384,-21.783741,13.268836
66.5,5.147304,-21.756306,13.184245
66.6,5.183218,-21.728493,13.099627
66.7,5.219281,-21.700306,13.014971
66.8,5.255495,-21.671738,12.930268
66.899994,5.29185,-21.6428,12.845534
67.0,5.328356,-21.613474,12.760743
67.1,5.3650026,-21.583773,12.675908
67.2,5.40179,-21.553688,12.59102
67.3,5.43872,-21.52323,12.5060835
67.399994,5.475784,-21.492382,12.421088
67.5,5.512989,-21.461143,12.336016
67.6,5.5503244,-21.429512,12.250886
67.7,5.58779,-21.397482,12.165684
67.8,5.6253877,-21.365047,12.080403
67.899994,5.663106,-21.332207,11.995058
68.0,5.7009544,-21.298948,11.909622
68.1,5.7389245,-21.265272,11.824105
68.2,5.7770157,-21.231173,11.738504
68.3,5.8152313,-21.19664,11.652802
68.4,5.853565,-21.161673,11.567015
68.5,5.892019,-21.126268,11.481126
68.6,5.9305916,-21.090412,11.395132
68.7,5.9692845,-21.054108,11.309034
68.8,6.0081005,-21.017342,11.2228155
68.9,6.0470343,-20.980116,11.13649
69.0,6.086089,-20.942421,11.050043
69.1,6.125266,-20.904247,10.963472
69.2,6.164564,-20.865608,10.876762
69.3,6.203992,-20.82647,10.78992
69.4,6.243542,-20.78685,10.702949
69.5,6.2832227,-20.746737,10.615835
69.6,6.323034,-20.706131,10.528574
69.7,6.3629794,-20.66503,10.441165
69.8,6.4030643,-20.62343,10.353592
69.9,6.443283,-20.581337,10.265869
70.0,6.483643,-20.538746,10.177984
70.1,6.5241446,-20.495659,10.089933
70.2,6.5647902,-20.452078,10.001714
70.3,6.605584,-20.408,9.913315
70.4,6.6465225,-20.36344,9.82475
70.5,6.6876087,-20.31839,9.736005
70.6,6.728846,-20.272861,9.64708
70.7,6.770233,-20.226854,9.557975
70.8,6.81178,-20.180447,9.468653
70.9,6.853471,-20.133518,9.379168
71.0,6.8953114,-20.086132,9.2894945
71.1,6.937299,-20.038298,9.199634
71.2,6.979431,-19.99002,9.109585
71.3,7.0217094,-19.941307,9.0193405
71.4,7.0641217,-19.89217,8.928913
71.5,7.106668,-19.842615,8.838297
71.6,7.1493435,-19.79265,8.74749
71.7,7.192143,-19.742287,8.656494
71.8,7.2350636,-19.691523,8.565299
71.9,7.2780933,-19.640379,8.473921
72.0,7.3212276,-19.58886,8.382347
72.1,7.3644595,-19.536968,8.29058
72.2,7.4077806,-19.484722,8.198619
72.3,7.4511623,-19.432135,8.106443
72.4,7.494634,-19.379194,8.014081
72.5,7.5381722,-19.325922,7.9215126
72.6,7.5817685,-19.272326,7.82873
72.7,7.6254168,-19.218405,7.7357283
72.8,7.6691103,-19.164171,7.64249
72.9,7.7128363,-19.109638,7.5490193
73.0,7.7565904,-19.054808,7.4552984
73.1,7.800364,-18.999687,7.361315
73.2,7.844151,-18.944292,7.2670527
73.3,7.887946,-18.888622,7.1724906
73.4,7.931735,-18.832697,7.0776253
73.5,7.975514,-18.776522,6.982433
73.6,8.019275,-18.7201,6.8868914
73.7,8.063026,-18.663391,6.790986
73.8,8.106736,-18.606504,6.694681
73.9,8.150406,-18.549412,6.597969
74.0,8.194028,-18.492123,6.5008173
74.1,8.237596,-18.434654,6.403199
74.2,8.281101,-18.377014,6.3050895
74.3,8.324547,-18.319218,6.2064548
74.4,8.367918,-18.261282,6.107284
74.5,8.411217,-18.203218,6.007545
74.6,8.454438,-18.14504,5.907211
74.7,8.497583,-18.086758,5.8062563
74.8,8.540652,-18.028374,5.70465
74.9,8.583641,-17.969915,5.60238
75.0,8.62655,-17.91139,5.4994125
75.1,8.669354,-17.852823,5.3957314
75.2,8.712108,-17.794191,5.291304
75.3,8.754794,-17.735504,5.1861105
75.4,8.7974205,-17.676775,5.080149
75.5,8.839994,-17.617998,4.9733987
75.6,8.882525,-17.559174,4.865847
75.7,8.925017,-17.500288,4.757485
75.8,8.96748,-17.441336,4.6482964
75.9,9.009905,-17.38231,4.538295
76.0,9.0523,-17.323193,4.427471
76.1,9.094667,-17.26397,4.3158245
76.2,9.137002,-17.204618,4.2033596
76.3,9.179307,-17.145117,4.0900736
76.4,9.221573,-17.085445,3.9759917
76.5,9.263787,-17.025593,3.861111
76.6,9.305955,-16.965502,3.7454536
76.7,9.34805,-16.905157,3.6290321
76.8,9.390058,-16.844524,3.5118604
76.9,9.431949,-16.783583,3.3939788
77.0,9.473702,-16.722294,3.2754028
77.1,9.515296,-16.66063,3.1561575
77.2,9.5567045,-16.598562,3.0362701
77.3,9.597903,-16.536062,2.915759
77.4,9.638858,-16.473104,2.7946708
77.5,9.679542,-16.40966,2.6730266
77.6,9.719925,-16.345703,2.5508575
77.7,9.7599745,-16.281204,2.4281955
77.8,9.799667,-16.216188,2.30506
77.9,9.838954,-16.150557,2.181505
78.0,9.877816,-16.084326,2.0575457
78.1,9.916217,-16.017477,1.93321
78.2,9.954129,-15.949999,1.8085259
78.3,9.991526,-15.88187,1.6835116
78.4,10.028378,-15.813092,1.5582138
78.5,10.064659,-15.743652,1.4326506
78.6,10.10035,-15.673542,1.3068492
78.7,10.135428,-15.602758,1.1808376
78.8,10.169877,-15.531297,1.0546328
78.9,10.20369,-15.459161,0.92828274
79.0,10.236824,-15.386352,0.8018069
79.1,10.269284,-15.31287,0.6752355
79.2,10.301061,-15.238718,0.54859936
79.3,10.33215,-15.163897,0.42192206
79.4,10.362548,-15.088422,0.29525715
79.5,10.392251,-15.012297,0.16863105
79.6,10.421259,-14.935527,0.04208149
79.7,10.449578,-14.858127,-0.08435218
79.8,10.477215,-14.780097,-0.21063885
79.9,10.504181,-14.701471,-0.3367179
80.0,10.530467,-14.622243,-0.46255365
80.1,10.556087,-14.542434,-0.5881005
80.2,10.581049,-14.462062,-0.71330965
80.3,10.60536,-14.38114,-0.83814174
80.4,10.629023,-14.299703,-0.9625291
80.5,10.652035,-14.217762,-1.0864326
80.6,10.674397,-14.135344,-1.2098036
80.7,10.696102,-14.05247,-1.3325938
80.8,10.717143,-13.96916,-1.4547641
80.9,10.737505,-13.885451,-1.5762477
81.0,10.757183,-13.801397,-1.6970054
81.1,10.776147,-13.71697,-1.8169953
81.2,10.794372,-13.632223,-1.936176
81.3,10.8118305,-13.547172,-2.054518
81.4,10.828491,-13.46186,-2.171966
81.5,10.844325,-13.376308,-2.288495
81.6,10.859302,-13.29055,-2.4040716
81.7,10.873393,-13.204613,-2.5186653
81.8,10.886567,-13.118525,-2.6322563
81.9,10.898792,-13.03233,-2.7447996
82.0,10.9100485,-12.946049,-2.8562782
82.1,10.9203,-12.859726,-2.9666688
82.2,10.929538,-12.773396,-3.0759442
82.3,10.937747,-12.687085,-3.184087
82.4,10.944918,-12.600841,-3.291055
82.5,10.951049,-12.514686,-3.39683
82.6,10.95614,-12.428646,-3.5013852
82.7,10.960193,-12.342743,-3.6046946
82.8,10.96322,-12.256992,-3.7067382
82.9,10.965234,-12.17142,-3.807474
83.0,10.966244,-12.0860405,-3.9068792
83.1,10.96628,-12.000852,-4.0049376
83.2,10.965355,-11.915858,-4.101624
83.3,10.963488,-11.831055,-4.1969275
83.4,10.9607,-11.746451,-4.2908154
83.5,10.957011,-11.662048,-4.3832827
83.6,10.952436,-11.577843,-4.4743176
83.7,10.946997,-11.493836,-4.563912
83.8,10.940711,-11.410023,-4.652067
83.9,10.933595,-11.326417,-4.738767
84.0,10.925694,-11.243037,-4.8240137
84.1,10.916985,-11.159855,-4.907816
84.2,10.907504,-11.076897,-4.9901752
84.3,10.897271,-10.994168,-5.071107
84.4,10.886311,-10.911693,-5.150603
84.5,10.874642,-10.829477,-5.228679
84.6,10.8622875,-10.747534,-5.305345
84.7,10.849266,-10.665879,-5.38061
84.8,10.8356,-10.5845175,-5.4544907
84.9,10.821313,-10.503479,-5.5269866
85.0,10.806426,-10.422772,-5.598117
85.1,10.790918,-10.342415,-5.667909
85.2,10.774886,-10.262412,-5.736346
85.3,10.758311,-10.182774,-5.803454
85.4,10.741215,-10.103524,-5.8692355
85.5,10.723617,-10.024665,-5.9337034
85.6,10.705526,-9.946209,-5.9968667
85.7,10.686965,-9.868161,-6.0587344
85.8,10.667942,-9.7905245,-6.1193175
85.9,10.648474,-9.71332,-6.178614
86.0,10.628571,-9.636543,-6.2366347
86.1,10.608245,-9.560204,-6.2933855
86.2,10.587512,-9.48429,-6.3488483
86.3,10.566369,-9.408825,-6.403071
86.4,10.544832,-9.333811,-6.4560323
86.5,10.522904,-9.259246,-6.5077386
86.6,10.500595,-9.185134,-6.558194
86.7,10.477911,-9.111478,-6.607401
86.8,10.454854,-9.038274,-6.6553683
86.9,10.4314375,-8.965534,-6.702092
87.0,10.407663,-8.893259,-6.74758
87.1,10.383539,-8.82145,-6.791837
87.2,10.359071,-8.75011,-6.834868
87.3,10.334261,-8.679235,-6.8766804
87.4,10.309108,-8.608834,-6.917265
87.5,10.283639,-8.538915,-6.9566445
87.6,10.257851,-8.469473,-6.994819
87.7,10.231753,-8.4005165,-7.031798
87.8,10.20535,-8.332041,-7.0675917
87.9,10.178656,-8.26406,-7.102204
88.0,10.151674,-8.196575,-7.135647
88.1,10.124419,-8.129586,-7.167929
88.2,10.096897,-8.063097,-7.1990633
88.3,10.069115,-7.997107,-7.2290606
88.4,10.041087,-7.9316287,-7.25793
88.5,10.012823,-7.8666596,-7.285684
88.6,9.984332,-7.8022027,-7.312336
88.7,9.955628,-7.738264,-7.3378897
88.8,9.926715,-7.674837,-7.362376
88.9,9.89761,-7.6119356,-7.385798
89.0,9.868319,-7.549555,-7.4081697
89.1,9.838852,-7.4876976,-7.429504
89.2,9.809222,-7.4263635,-7.449814
89.3,9.779433,-7.365549,-7.469114
89.4,9.749502,-7.3052626,-7.4874144
89.5,9.719433,-7.2454996,-7.5047283
89.6,9.689238,-7.186259,-7.521069
89.7,9.658922,-7.1275406,-7.536448
89.8,9.628495,-7.0693374,-7.5508785
89.9,9.597966,-7.0116568,-7.5643697
90.0,9.5673485,-6.9544797,-7.5769277
90.1,9.536639,-6.8978243,-7.588576
90.2,9.505849,-6.841677,-7.599318
90.3,9.474982,-6.7860327,-7.6091657
90.4,9.444052,-6.730893,-7.6181283
90.5,9.41306,-6.6762514,-7.6262155
90.6,9.3820095,-6.6221027,-7.6334367
90.7,9.350909,-6.5684447,-7.6398015
90.8,9.31976,-6.5152664,-7.6453195
90.9,9.28857,-6.4625735,-7.6499977
91.0,9.257344,-6.4103546,-7.6538463
91.1,9.226082,-6.358607,-7.656873
91.2,9.194789,-6.307325,-7.6590858
91.3,9.163464,-6.256499,-7.6604924
91.4,9.132102,-6.20612,-7.66108
91.5,9.100726,-6.1562,-7.6608915
91.6,9.069328,-6.1067233,-7.6599193
91.7,9.037908,-6.057687,-7.658169
91.8,9.006466,-6.00908,-7.6556478
91.9,8.975006,-5.960905,-7.6523643
92.0,8.943527,-5.913154,-7.6483245
92.1,8.912028,-5.8658214,-7.643536
92.2,8.880511,-5.8189015,-7.638005
92.3,8.848971,-5.772388,-7.6317387
92.4,8.817414,-5.7262807,-7.624744
92.5,8.785833,-5.6805725,-7.617027
92.6,8.754231,-5.635258,-7.6085963
92.7,8.722586,-5.590336,-7.599448
92.8,8.690927,-5.545793,-7.589605
92.9,8.659241,-5.501635,-7.5790668
93.0,8.627524,-5.4578543,-7.5678415
93.1,8.595776,-5.4144444,-7.5559354
93.2,8.563989,-5.3714037,-7.5433545
93.3,8.532163,-5.3287234,-7.530105
93.4,8.5002985,-5.2864065,-7.5161977
93.5,8.4683895,-5.2444453,-7.5016365
93.6,8.436434,-5.202837,-7.4864287
93.7,8.4044285,-5.161577,-7.4705825
93.8,8.3724,-5.120654,-7.4541187
93.9,8.340295,-5.080081,-7.43702
94.0,8.308131,-5.0398455,-7.419304
94.1,8.275906,-4.999945,-7.400978
94.2,8.243614,-4.9603763,-7.38205
94.3,8.211254,-4.9211335,-7.362527
94.4,8.178825,-4.882218,-7.3424172
94.5,8.146322,-4.8436255,-7.321728
94.6,8.113741,-4.8053517,-7.3004656
94.7,8.081081,-4.767395,-7.2786384
94.8,8.048333,-4.729749,-7.256252
94.9,8.015501,-4.6924176,-7.233317
95.0,7.982592,-4.655403,-7.2098436
95.1,7.9495807,-4.618688,-7.185832
95.2,7.916473,-4.5822763,-7.161293
95.3,7.883265,-4.5461636,-7.1362324
95.4,7.8499584,-4.5103526,-7.1106606
95.5,7.816549,-4.474838,-7.0845857
95.6,7.7830324,-4.4396186,-7.0580134
95.7,7.749407,-4.404691,-7.0309515
95.8,7.7156677,-4.3700504,-7.0034056
95.9,7.6818175,-4.335701,-6.975388
96.0,7.647851,-4.3016376,-6.9469037
96.1,7.613747,-4.2678456,-6.9179697
96.2,7.5795383,-4.234344,-6.8885775
96.3,7.545203,-4.2011194,-6.858739
96.4,7.5107465,-4.1681743,-6.8284664
96.5,7.4761634,-4.1355047,-6.797766
96.6,7.441453,-4.103109,-6.766646
96.7,7.4066124,-4.0709834,-6.7351127
96.8,7.3716373,-4.039125,-6.7031717
96.9,7.3365335,-4.0075364,-6.6708355
97.0,7.301295,-3.976213,-6.6381106
97.1,7.265922,-3.945153,-6.6050024
97.2,7.2304163,-3.9143608,-6.571505
97.3,7.194769,-3.8838217,-6.5376487
97.4,7.158986,-3.8535428,-6.503435
97.5,7.123066,-3.8235204,-6.468869
97.6,7.087007,-3.793752,-6.433959
97.7,7.05081,-3.7642357,-6.3987103
97.8,7.01447,-3.7349682,-6.36313
97.9,6.9779944,-3.7059507,-6.32723
98.0,6.94138,-3.6771803,-6.2910147
98.1,6.9046264,-3.6486542,-6.2544928
98.2,6.8677335,-3.6203713,-6.217671
98.3,6.8306994,-3.5923269,-6.180554
98.4,6.7935257,-3.5645254,-6.143163
98.5,6.7562184,-3.5369596,-6.1054897
98.6,6.718774,-3.509629,-6.0675473
98.7,6.6811943,-3.4825313,-6.029344
98.8,6.643476,-3.4556627,-5.990884
98.9,6.605628,-3.4290254,-5.95218
99.0,6.567647,-3.4026148,-5.9132385
99.1,6.529535,-3.3764298,-5.8740654
99.2,6.4912934,-3.3504677,-5.834669
99.3,6.4529204,-3.324724,-5.795055
99.4,6.4144244,-3.299201,-5.755236
99.5,6.3757973,-3.2738938,-5.71522
99.6,6.3370523,-3.2488024,-5.675009
99.7,6.2981873,-3.223924,-5.6346126
99.8,6.2592006,-3.1992543,-5.594037
99.9,6.220102,-3.1747944,-5.5532956
100.0,6.180888,-3.1505404,-5.512393
